Kaleel,Boston,KazKJr,kaleelboston@gmail.com,password,St. John's,Antigua,12,December,2002
First,Last,SkeleBoy,skeleton@gmail.com,skeleton,UnderCity,New Bones,12,September,2005
Marsha,Bear,user1,email1,wordpass,Stull,Count,1,January,1990
Brenna,Joseph,BreJo,bj@gmail.com,brenjo,St. John's,Antiguua,20,May,2002
name,name,name,mail,passdrow,city,country,1,January,1990
Petergaye,Chamberlain,ABPro3xt,petergayechamberlain@gmail.com,lucifer1,St. Elizabeth,Jamaica,28,May,2002
Shaquan,Tonge,WhiteMan,nocares,whiteman,St. Mary's,Antigua,4,December,2001